{
  "$schema": "https://vega.github.io/schema/vega-lite/v3.json",
  "width":150,
  "data": {
  	"values": [
	{"Chart": "Area","Number of charts": 1},
  {"Chart": "Point","Number of charts": 4},
  {"Chart": "Tick","Number of charts": 1},
  {"Chart": "Bar","Number of charts": 3},
  {"Chart": "Line","Number of charts": 1}
]},
  "description": "Cluster Chart", 
  "mark": "bar",
  "encoding": {
    "x": {"field": "Chart", "type": "ordinal"},
	"y": {"field": "Number of charts", "type": "quantitative"}    
}
}