{
  "$schema": "https://vega.github.io/schema/vega-lite/v3.json",  
  "data": {"url": "votes.csv", "format": {"type": "csv"}},
  "description": "Trump Black and White Voters",
  "transform": [
  	{"calculate": "datum.Black - datum.White", "as": "Ratio"},
  	{"filter": "datum.Ratio", "lte": 0.15  },
  	{"filter": "datum.Ratio", "gte": -0.15 }
  ],
  "mark": "point",
  "encoding": {
    "x": {"field": "Trump", "type": "quantitative"},
    "y": {"field": "Clinton", "type": "quantitative"},
    "color": {
    	"condition": {
    		"test": "datum.Ratio > 0",
    		"value": "Black"
    	},
    	"condition": {
    		"test": "datum.Ratio < 0",
    		"value": "Red"
    	}
    }
  },
  "config": {"axisY": {"minExtent": 30}}
}