{
  "$schema": "https://vega.github.io/schema/vega-lite/v3.json",
  "description": "Alabama White Voters and distribution of votes between Trump and Hiliary showing dominance of Trump",
  "data": {"url": "votes.csv", "format": {"type": "csv"}},
  "transform": [ 
      {"filter": { "field": "state_abbr", "equal": "AL"}},
      {"calculate": "datum.votes_dem_2016 * datum.White", "as": "WhiteDemVotes"},
      {"calculate": "datum.votes_gop_2016 * datum.White", "as": "WhiteRepVotes"},
      {"calculate": "datum.total_votes_2016 * datum.White", "as": "WhiteTotalVotes"},
      {"calculate": "datum.WhiteRepVotes - datum.WhiteDemVotes", "as": "WhiteVotes"}
  ],
  "mark": "bar",
  "encoding": {
    "x": { "field": "county_name", "type": "nominal", "axis": {"title": "Counties in Alabama"}},
    "y": { "field": "WhiteVotes", "type": "quantitative", "axis": {"title": "Total Number of White Voters"}},
    "color": {
      "condition": {"test": "datum.WhiteDemVotes > datum.WhiteRepVotes", "value":"Blue"},
      "value": "Red"
    }
  }
}