{
  "$schema": "https://vega.github.io/schema/vega-lite/v3.json",
  "description": "Chart showing the number of votes for clinton in various states in the US",
  "data": {"url": "votes.csv", "format": {"type": "csv"}},
  "transform": [
   {
     "aggregate": [{
      "op": "valid",
      "field": "votes_dem_2016",
      "as": "Number of Votes"
     }],
     "groupby": ["state_abbr"]
   }
  ],
 "mark": "point",
 "encoding": {
   "x": { "field": "state_abbr", "type": "ordinal" },
   "y": { "field": "Number of Votes", "type": "quantitative" }
 }
}