{

 "$schema": "https://vega.github.io/schema/vega-lite/v3.json",

 "description": "Texas State Black Voters and distribution of votes between Trump and Hiliary showing dominance of Trump but by a large margin",

 "data": {"url": "votes.csv", "format": {"type": "csv"}},

 "transform": [

     {"filter": { "field": "state_abbr", "equal": "TX"}},

     {"calculate": "datum.votes_dem_2016 * datum.Black", "as": "WhiteDemVotes"},

     {"calculate": "datum.votes_gop_2016 * datum.Black", "as": "WhiteRepVotes"},

     {"calculate": "datum.total_votes_2016 * datum.Black", "as": "WhiteTotalVotes"},

     {"calculate": "datum.WhiteRepVotes - datum.WhiteDemVotes", "as": "WhiteVotes"}

 ],

 "mark": "point",

 "encoding": {

   "x": { "field": "county_name", "type": "nominal", "axis": {"title": "Counties in Washington"}},

   "y": { "field": "WhiteVotes", "type": "quantitative", "axis": {"title": "Total Number of White Voters"}},

   "color": {

     "condition": {"test": "datum.WhiteVotes > 0", "value":"Red"},

     "value": "Blue"

   }

 }

}